"soiled_level","size","group"
0.788512363098562,1.06363288215817,"G"
0.34603334707208,0.0203040824271739,"A"
0.611969798570499,0.0452710539455867,"A"
0.715882851742208,0.664028153754771,"B"
0.065165621927008,0.0287008898597257,"A"
0.130922278156504,3.42837307585363,"G"
0.529748566215858,0.486813507508487,"G"
0.293398437323049,0.61968042049557,"B"
0.988112465944141,2.9007923005331,"G"
0.690155653515831,0.634545395150781,"F"
0.524716227548197,0.0452137873508036,"A"
0.972710060654208,1.16201404571058,"A"
0.819584569660947,1.11903438340397,"E"
0.46690056216903,0.159407370723784,"A"
0.114691427908838,0.185708900743089,"A"
0.851757092401385,0.994476932058942,"A"
0.538603329798207,0.101224317548253,"A"
0.681499627418816,0.0699538793414831,"B"
0.161905064014718,0.022033021748938,"A"
0.00986722065135837,0.350211563985795,"C"
0.172176849795505,1.09524336453052,"C"
0.0401164523791522,0.561131229624152,"E"
0.856933845207095,0.0947065941678913,"A"
0.274748656898737,1.90059249653461,"F"
0.625676666619256,0.42428757250309,"B"
0.957053692778572,0.855932276983625,"D"
0.0608568664174527,0.938477521720243,"C"
0.531775944400579,0.179117524065077,"B"
0.165172641631216,0.0130920452065766,"A"
0.608313330914825,0.456061512635026,"A"
0.482117506209761,2.33116207072947,"G"
0.486536997137591,1.55519261325217,"G"
0.864442271646112,0.117134389933199,"A"
0.420642161043361,0.249215740710497,"B"
0.740177723811939,0.0395894894942465,"A"
0.363181471126154,1.84112477852943,"E"
0.87658513057977,0.0192278497852385,"B"
0.339097909862176,1.09269536748053,"B"
0.458221877692267,0.343606754206121,"A"
0.948976040584967,0.158800891600549,"A"
0.0818931269459426,1.55180540199793,"C"
0.5156613108702,0.149523206055164,"A"
0.845719425473362,0.219172535464168,"C"
0.27357909665443,1.46868563062491,"G"
0.79571168939583,1.0596632429987,"D"
0.819176628254354,0.404739809222519,"B"
0.901404354488477,0.414568461477757,"A"
0.184255663538352,0.160202508792281,"A"
0.260036959545687,0.607017733622342,"G"
0.176934177521616,0.0927932183258235,"B"
0.499531909823418,0.383225532248616,"B"
0.905204143607989,1.11903677224637,"E"
0.0256794602610171,0.972199543471703,"C"
0.624129949370399,0.230635522309765,"A"
0.752048272639513,0.39287619991228,"A"
0.92828672984615,0.153817591723055,"A"
0.608047414571047,0.0327637339942157,"A"
0.70256958133541,0.862948988522303,"C"
0.0283456756733358,0.552884002681822,"B"
0.526764277601615,0.496474836952984,"B"
0.113639908377081,0.565902541391551,"B"
0.283705434529111,0.6392050110735,"F"
0.647895789938048,1.25326745766671,"G"
0.822866798611358,0.0932437353767455,"A"
0.20250669750385,1.21197748738797,"F"
0.61845196899958,0.950077263596368,"F"
0.0693742141593248,0.942302533752343,"A"
0.559248343110085,0.683932814281434,"D"
0.852035883581266,0.552171578015824,"C"
0.525438178563491,0.931536246980441,"C"
0.885584274306893,0.111710439901799,"A"
0.721796251134947,0.305128963664174,"A"
0.873584042303264,0.323396097868681,"C"
0.800987556809559,0.406097285449505,"A"
0.212304456159472,1.04087215099008,"A"
0.479053124086931,1.71057345709744,"C"
0.762244853656739,0.501248283311725,"A"
0.299261984182522,0.096724409610033,"A"
0.505788210080937,0.836468263678383,"B"
0.523225529585034,1.40799418278746,"C"
0.856632648734376,3.50116241578239,"G"
0.760082609951496,2.36570280591462,"F"
0.435503522399813,1.43569366998019,"F"
0.265889524947852,0.75233305613966,"C"
0.231773635139689,0.0756254100145008,"A"
0.0815135850571096,0.511525424662977,"A"
0.611602826276794,0.457223260309547,"B"
0.119174354476854,0.794888671445561,"G"
0.423309217905626,0.390171546489,"B"
0.1381914941594,2.39854702527139,"E"
0.939268947811797,1.38760655359509,"E"
0.638935976428911,0.470653485972434,"A"
0.609318593516946,0.305417622708601,"C"
0.935326620936394,1.40202774099054,"C"
0.220916519640014,1.15301838233591,"F"
0.287204599939287,0.141364986076951,"A"
0.94198260968551,5.55839405920277,"G"
0.31770059815608,0.483866286929697,"B"
0.903316405601799,0.0615921695634941,"B"
0.484125375980511,0.800023430170897,"C"
0.519893805263564,2.372952690222,"G"
0.192691109376028,0.524250000191454,"D"
0.33823720482178,0.0421273827356133,"A"
0.525003532180563,3.16073289496784,"B"
0.574658806901425,0.366610226687044,"C"
0.0106279274914414,1.70635607643964,"B"
0.844188706716523,0.124099187079336,"A"
0.825011212611571,1.29728571973265,"D"
0.793835270218551,1.89700465268436,"E"
0.413419653428718,0.693747161546873,"F"
0.70072829653509,4.48338596870132,"G"
0.490989172831178,0.243911766447127,"A"
0.0703222206793725,0.352843716858589,"A"
0.850568646332249,2.83100211603527,"G"
0.246343070873991,0.400443931575865,"C"
0.265007092151791,0.23876137569388,"B"
0.353922557784244,2.12147826875064,"C"
0.813140229787678,0.635612156242132,"G"
0.874764766078442,0.491947966627777,"A"
0.653059382457286,0.681250333463198,"E"
0.62149236863479,0.949338991152954,"D"
0.315181764774024,0.381850679870695,"A"
0.105909527745098,1.25059930044682,"E"
0.463833057787269,2.74095863650057,"F"
0.53286016639322,2.64365106249664,"G"
0.592467542737722,0.896309825629235,"B"
0.998961840057746,0.165489993523806,"B"
0.765070929890499,2.30328941518877,"G"
0.148364702472463,0.930017764638078,"A"
0.358217055443674,0.994798514018667,"B"
0.995456808013842,0.6451968383044,"F"
0.629075438017026,0.090735181234777,"C"
0.411707387072966,3.70014285088933,"C"
0.914977558655664,1.00314055634591,"G"
0.609481532592326,0.154609302990139,"A"
0.506612292956561,1.49030676992926,"C"
0.910194603260607,1.61681956975701,"A"
0.495057665742934,0.256666490342468,"A"
0.149753768462688,0.182374000549316,"A"
0.228465262567624,0.55819204961881,"C"
0.350992866558954,0.971409257840405,"E"
0.857104351976886,0.488650254610912,"D"
0.857438471866772,0.131140936139131,"A"
0.733329811599106,0.587039579637349,"F"
0.0328499681781977,0.685595369897783,"E"
0.20757931470871,1.12736091013522,"G"
0.288753462024033,0.435969368767902,"B"
0.842559229582548,0.878664390030976,"E"
0.714639523532242,0.532394397622891,"B"
0.15526966471225,0.888775560031545,"D"
0.987194207729772,3.96647756339467,"G"
0.167259763693437,0.76980718557662,"A"
0.378429041942582,1.41673069811406,"D"
0.791110171470791,0.205791011452675,"A"
0.917239349335432,0.955921966540528,"A"
0.385145106585696,1.2529021417302,"D"
0.334226605948061,0.364330174867064,"A"
0.919407778419554,0.335029665380716,"D"
0.256207576487213,0.338682050351053,"A"
0.963242606725544,1.76076706490459,"E"
0.37302333349362,0.84041846013765,"C"
0.300742418738082,1.47366151577773,"D"
0.471377793233842,0.0817401637663252,"A"
0.466693664668128,0.496098627801985,"C"
0.272879323689267,0.542487353129937,"B"
0.325991726480424,3.41118378920441,"G"
0.453325841575861,0.461957118369525,"B"
0.844759196741506,1.10149611776209,"A"
0.360638095997274,0.78136646177756,"C"
0.414462335407734,0.636129021178931,"C"
0.910209699068218,1.05074032578142,"F"
0.776567284716293,0.3198904330132,"A"
0.265602782135829,0.520230486989021,"E"
0.83309873053804,1.0595756638375,"G"
0.645869310479611,0.398158355004235,"E"
0.0869219796732068,3.38744468970184,"G"
0.355670584365726,1.98186062501866,"C"
0.177182429237291,0.0589606702382906,"A"
0.358973110094666,1.77748710281196,"G"
0.9645148771815,0.589279450941831,"B"
0.78029154217802,0.196247420273721,"A"
0.53663698094897,1.1860173147384,"F"
0.093021125998348,1.53484065449777,"C"
0.595379400998354,0.0611460374362651,"B"
0.986559357261285,2.58355849782441,"D"
0.693905121879652,0.217224058012048,"B"
0.863274283474311,0.963653082754966,"G"
0.674410811858252,1.16065288144619,"F"
0.438216908136383,0.377962188561475,"A"
0.616457587108016,1.39847475468161,"G"
0.861260625999421,1.44559975019707,"G"
0.27154465788044,1.66711821026149,"G"
0.327703999821097,0.7584310450968,"D"
0.296797301387414,0.382178124506027,"A"
0.655144937103614,0.475659999065101,"A"
0.580478709656745,0.0568336583673954,"A"
0.290077104233205,4.58024885107703,"F"
0.640125726116821,0.95808721601973,"A"
0.275539520895109,0.585000034887344,"A"
0.00788364722393453,0.267641215119511,"C"
0.657554496079683,0.305643745986092,"A"
0.449353030882776,1.21451659310133,"G"
0.733458469156176,0.63250101543963,"A"
0.301393462345004,0.821251430464398,"D"
0.845132414950058,3.35844579322224,"E"
0.829294607276097,0.17994876857847,"A"
0.177767096087337,1.93158694534543,"B"
0.0523631609976292,0.285196158569306,"A"
0.857859672280028,0.916019672433833,"D"
0.406012790976092,0.496684572976499,"C"
0.380034142173827,3.83473599494851,"D"
0.851261293515563,0.305616658330388,"B"
0.655431253137067,1.08787385463239,"E"
0.0637800779659301,1.81075969330015,"D"
0.674555929144844,0.84046532209487,"F"
0.0747003029100597,0.83202311537171,"B"
0.0814660862088203,1.38267904888363,"C"
0.543238055659458,0.980448989155603,"D"
0.0588284241966903,0.842461211257629,"B"
0.475776893319562,0.765334056181878,"A"
0.814217903418466,0.347566194122348,"F"
0.822982139419764,0.28433754760772,"E"
0.76717396825552,0.441112625878304,"E"
0.522571130888537,0.257937089381252,"A"
0.979855511570349,1.2790520004508,"G"
0.333368420600891,0.259979696944356,"B"
0.139469137182459,2.07762604757192,"D"
0.806105586467311,0.55612580711022,"B"
0.233352997805923,0.615310251891396,"D"
0.727824109606445,0.291510520350613,"C"
0.814935644157231,0.922452831698413,"C"
0.134999490343034,0.119185714051127,"A"
0.80064166453667,0.805454005488786,"E"
0.638078732416034,0.557068155147135,"F"
0.357343363109976,1.9519645384604,"E"
0.855781136080623,0.522925486322492,"C"
0.684867344563827,0.346972052939236,"B"
0.327864918392152,1.64473934463205,"G"
0.288716214708984,0.221944684633433,"C"
0.286111474968493,0.32335962401703,"A"
0.458734142361209,0.499587540514767,"A"
0.152405763743445,0.816347077449484,"D"
0.977374704787508,2.39066547701571,"G"
0.552689520409331,2.55810326511476,"D"
0.0117142891976982,1.76522113374414,"D"
0.515410036314279,0.186632761775415,"B"
0.337934921728447,0.564027990035661,"A"
0.180955421179533,1.55159296359957,"E"
0.26939549180679,1.21677428200365,"A"
0.442922057118267,0.517247973475605,"C"
0.218869707314298,0.039359534624964,"A"
0.290103714214638,0.133436733856797,"B"
0.0971705932170153,3.05510033907342,"D"
0.649465874070302,0.337557376026753,"B"
0.661430804058909,0.400136020965874,"F"
0.827251854119822,1.91750887027922,"C"
0.791358825750649,3.4730663978708,"G"
0.477301008533686,1.97020214787664,"F"
0.511278619756922,3.47655288937589,"G"
0.454807658912614,0.921409580814552,"D"
0.425436530727893,0.963082901836634,"G"
0.762790991691872,0.961420074994576,"D"
0.597325858427212,2.0303425490016,"G"
0.206154033076018,0.372691031369453,"A"
0.824208269128576,1.00959755010427,"G"
0.433363601798192,1.03627421702714,"D"
0.199930556351319,0.156065369857525,"B"
0.3242097790353,0.346902211681849,"B"
0.0469651827588677,0.00172198743639221,"A"
0.665829729987308,0.414609072729945,"A"
0.271698469761759,0.626685334163843,"C"
0.567197861149907,0.379013976082206,"B"
0.851752657908946,0.168222123627247,"D"
0.647831161040813,0.548718728590757,"G"
0.714146664366126,1.68165310277584,"G"
0.937387549551204,0.484415022656322,"B"
0.350188434822485,0.00430219667032361,"B"
0.142976956209168,1.35294617522032,"D"
0.106604708824307,2.87271692587023,"G"
0.740063109900802,0.596622247248888,"D"
0.828274694969878,0.390385971932438,"A"
0.805100279860198,0.290944347623736,"B"
0.0945320667233318,0.100661583621085,"A"
0.370058890432119,0.0399149790412664,"A"
0.978735995246097,0.815100262830866,"A"
0.00610360410064459,0.812745656776142,"C"
0.607868482125923,1.76117122351172,"D"
0.714096118463203,0.871117689604771,"D"
0.128502406878397,0.412468449212611,"A"
0.0744497929699719,0.0408875565044582,"A"
0.0450430812779814,0.166545679792762,"A"
0.327774709323421,0.869511793325556,"A"
0.814541299128905,1.8701915386224,"E"
0.959310831967741,2.49575103953193,"G"
0.422325636493042,0.377562451176345,"B"
0.636352678062394,0.181123616173863,"A"
0.00111603597179055,1.53992719190678,"C"
0.0974237939808518,2.57918164307687,"G"
0.634640279924497,0.0605229923056108,"B"
0.0171033272054046,0.193028428126127,"A"
0.990396280772984,1.92748568943682,"F"
0.83743647672236,0.0121207372774821,"A"
0.549383939243853,1.7947663347328,"F"
0.754833940882236,1.03587119171371,"G"
0.505255900556222,1.85343740127029,"F"
0.812406718032435,1.63520459077301,"B"
0.560398189118132,1.16015016842158,"F"
0.783001599600539,0.54712117479226,"C"
0.586585897486657,0.376579887699336,"B"
0.351640306646004,1.05730797969503,"E"
0.267107525607571,0.541932467836887,"B"
0.61816785717383,0.852237053173495,"B"
0.319597820518538,0.65379038406536,"A"
0.737732058623806,0.572094121274841,"C"
0.558069657767192,0.0508801345002315,"E"
0.328621396096423,0.771832908547076,"C"
0.712988741695881,1.6402636849268,"B"
0.574827839620411,0.303063923027366,"A"
0.638785807183012,0.0317763151668478,"A"
0.555476063163951,1.12426521531762,"B"
0.128592094639316,3.35748385513963,"G"
0.61151948524639,0.338047355413437,"D"
0.656601871596649,0.676226070616394,"A"
0.767762636765838,1.70641360796037,"B"
0.665507580619305,0.238754245918244,"B"
0.609949439764023,0.513563271146268,"D"
0.684686639346182,0.0161651853642022,"A"
0.474875813117251,0.220514764077961,"A"
0.9558546023909,3.05335618538742,"F"
0.23221685946919,0.113352465443313,"A"
0.210615352261811,1.5493340063,"G"
0.302566462662071,0.395423018535798,"E"
0.560095050139353,0.904602228782323,"G"
0.485506844474003,0.770429972328442,"F"
0.243151239352301,0.0885858344845474,"B"
0.796337545150891,3.42987553758507,"F"
0.0849487157538533,0.76528733706063,"C"
0.436729011591524,0.251827033734484,"A"
0.134440456517041,0.716825968543899,"F"
0.433291941182688,0.317867753135354,"A"
0.425555065972731,1.45968590109589,"D"
0.064677175367251,0.0115712465162258,"B"
0.435426471056417,2.36671445692394,"B"
0.922195919090882,0.138947958758634,"A"
0.0719208016525954,2.39156928832147,"B"
0.865445164730772,0.0718052792362869,"A"
0.987245155731216,0.414982928475015,"B"
0.718316471669823,1.02935087873513,"E"
0.978653970174491,0.277160193878004,"B"
0.246887336717919,0.478880558628589,"C"
0.945537934778258,0.300607352983207,"C"
0.113462396198884,0.281612214642021,"F"
0.698421967215836,0.415916617028415,"C"
0.843267793999985,0.327459729838402,"D"
0.944481896935031,0.405066554900259,"C"
0.234610931016505,1.19304018835993,"D"
0.0604902179911733,0.173797118943185,"A"
0.153938245493919,0.19333144556731,"A"
0.436467120889574,1.35098609975995,"A"
0.087277791230008,1.35959735787929,"B"
0.145066785858944,2.65189450780366,"G"
0.843910791911185,0.507777099963278,"F"
0.947930383263156,1.92776146708968,"E"
0.3585470917169,0.817876556678371,"D"
0.11896332190372,0.0451702129316649,"A"
0.681426312541589,0.383562373463064,"A"
0.492825295077637,1.11596308923782,"F"
0.505793834337965,1.0585290538501,"D"
0.464156924048439,0.278964413081091,"A"
0.66574487905018,0.926089998086621,"E"
0.393372558988631,0.271795228062836,"A"
0.575665653916076,0.263545078483026,"A"
0.315618145279586,4.2476754968328,"F"
0.099297808483243,1.15390779911996,"D"
0.0288149381522089,0.350829130969942,"C"
0.186583556234837,0.248846738133579,"C"
0.652092062868178,0.222743476275355,"A"
0.778045237762854,0.130167963914573,"B"
0.433389280224219,0.906680542002332,"E"
0.173286282457411,0.435524591710418,"B"
0.233977270545438,1.07153217769684,"E"
0.709076513536274,0.565774375572801,"D"
0.548590719234198,0.600621885154396,"D"
0.964446387719363,1.35286957766385,"B"
0.646061452804133,0.172142894938588,"A"
0.786859223386273,0.954908539499057,"E"
0.553690594388172,2.84049165519118,"E"
0.885404284577817,0.0552214370109141,"A"
0.131545115495101,1.50456903053474,"G"
0.645618447335437,0.738010554667995,"A"
0.0474077430553734,3.35900761170273,"E"
0.801318602170795,0.455223230513049,"E"
0.546273625688627,0.891248940448177,"A"
0.0884994440712035,0.114740253426135,"B"
0.25525552011095,0.0106677707830032,"A"
0.382477869978175,1.52790301568904,"E"
0.479301790473983,0.164906146936119,"A"
0.372747302055359,0.649195647798479,"C"
0.123076040297747,0.64767304295674,"A"
0.565027776174247,0.795753693817355,"A"
0.706369484541938,4.54761351608098,"F"
0.181125178234652,0.173575215474514,"A"
0.447887909365818,0.836764685364655,"G"
0.813227833015844,0.183971761725843,"A"
0.25912843993865,0.26487230115025,"B"
0.0503019019961357,0.644801764283329,"A"
0.8440330340527,1.01983139770995,"B"
0.0265587167814374,0.279132715892047,"A"
0.401529059512541,0.317271516192704,"G"
0.175379497697577,0.186229219194502,"A"
0.895266449311748,1.17996721637583,"E"
0.424305683234707,4.5918211226625,"D"
0.0214314383920282,2.14157024199579,"F"
0.977458207402378,0.0605974654449614,"A"
0.531419978709891,0.359219169688177,"B"
0.661144023062661,3.56177510858929,"D"
0.273537278408185,0.0644195131042289,"A"
0.090194235322997,1.16341351061584,"A"
0.771291480632499,1.06285957615347,"G"
0.173095168313012,0.113696570508182,"A"
0.406839751638472,2.27310862938378,"E"
0.375073791481555,0.280832155141979,"A"
0.488994672428817,0.861833521541617,"A"
0.552789269946516,0.327526851557195,"A"
0.994946303311735,0.199648249894381,"A"
0.368610269390047,3.28290937079077,"G"
0.845403871964663,0.405859528109431,"C"
0.602319254074246,0.642407135106623,"B"
0.920484473230317,0.882282023276103,"E"
0.508997341385111,0.095235357653314,"B"
0.616064333589748,1.61573416638924,"G"
0.345621563959867,0.0519930203867061,"A"
0.809199999785051,0.0380173553712666,"A"
0.283123251982033,1.90536976038458,"G"
0.457436364376917,0.549060840625316,"D"
0.31145763467066,0.420603721402586,"F"
0.614394767908379,0.0110368579626083,"A"
0.854941886151209,0.234805556065554,"A"
0.567364278249443,2.67281275788758,"G"
0.388121253345162,1.51434408864918,"F"
0.142342625884339,0.219623888842762,"B"
0.275640154257417,0.114743393321345,"B"
0.13715901831165,0.601789186242968,"A"
0.368999413447455,2.48823202797231,"F"
0.403841175604612,0.43922965065404,"A"
0.872627297881991,0.927339577074063,"D"
0.376893888227642,0.311899467371404,"B"
0.987077521393076,0.162949829827994,"A"
0.294346763985232,0.153220910113305,"A"
0.15507317520678,3.38433048857336,"G"
0.745831680018455,0.678705230820924,"B"
0.457889139652252,3.46495392156725,"B"
0.87760868598707,0.172931287492014,"A"
0.596887486288324,0.959134482881717,"G"
0.885984146036208,0.372897853538345,"E"
0.971995725762099,1.74203096321764,"F"
0.237426287028939,2.25717568198655,"D"
0.664220972219482,1.1184807991221,"A"
0.734333062777296,2.56270299361614,"F"
0.978178586577997,1.47303923024776,"G"
0.571957611013204,2.90461128762506,"G"
0.0183168374933302,0.582301904447377,"A"
0.918351400177926,0.0342393540777266,"A"
0.485675796866417,0.329209914942747,"A"
0.305344444932416,0.826021448273446,"C"
0.858370672678575,0.149500914767814,"B"
0.277956305304542,0.0405269092880189,"A"
0.580075302626938,1.57012759140673,"E"
0.98429324827157,1.54895393169465,"D"
0.132021203869954,0.160935146734118,"A"
0.233598431572318,0.146658572368324,"C"
0.381095996592194,1.4156322813684,"E"
0.136641391087323,3.78639418944908,"G"
0.53657838050276,1.00144972927393,"F"
0.498755910666659,3.27675916892404,"F"
0.498399526812136,1.11861656881393,"E"
0.0676788515411317,1.49688942063413,"D"
0.471877725096419,0.196180696265207,"A"
0.572480069240555,0.784592216792417,"E"
0.903035815339535,0.0214059301652014,"A"
0.0930132255889475,4.98038122397166,"G"
0.680383533472195,1.03097020746816,"A"
0.55191099178046,0.985083123627019,"C"
0.265058645280078,1.16605527508528,"E"
0.709928761702031,1.38982547624948,"F"
0.786232510115951,0.317707333448566,"A"
0.279191527282819,0.460480332374573,"B"
0.689780296059325,0.538076802087863,"D"
0.706549840047956,2.23748805920098,"C"
0.412281285738572,0.195139055140316,"A"
0.0702418156433851,0.706600421997619,"A"
0.769209673628211,3.38209955377464,"G"
0.581835205666721,0.522412247955799,"C"
0.853055949788541,0.0618315292286893,"A"
0.435932928463444,0.577855850104243,"F"
0.696546958992258,1.2055393462762,"D"
0.275486456463113,0.0204447685173032,"A"
0.833612545626238,0.317830155603588,"B"
0.730049082543701,1.35111620272965,"C"
0.234851325163618,0.165150016546249,"C"
0.647187505615875,0.149892842862755,"A"
0.760662176180631,0.462809759963714,"B"
0.700470943003893,0.629204863216728,"F"
0.600731293903664,1.54741518191042,"F"
0.107577951392159,0.297124917153269,"C"
0.844981544651091,2.05465551271083,"G"
0.254037389531732,0.822567261713457,"E"
0.204360351897776,0.21563283511839,"D"
0.233674435177818,2.12471196008773,"F"
0.680997930001467,0.00468322494998574,"A"
0.677578374510631,0.735331458928895,"D"
0.270470405230299,0.106657681055367,"C"
0.860760649200529,0.0335735321583236,"A"
0.950003164587542,0.421013568062335,"A"
0.325520206708461,0.170304969418794,"B"
0.698984670918435,0.0391645021736622,"A"
0.179706657771021,0.341074538882822,"B"
0.25438310042955,4.60447499096346,"E"
0.89488194254227,0.26773418966655,"A"
0.928582961903885,0.321092240512371,"G"
0.481050893198699,1.36068483810396,"C"
0.312619257718325,0.981191115549824,"F"
0.785299911629409,1.71812870490999,"B"
0.607947828480974,2.53200177649472,"G"
0.520716891856864,0.121441388952728,"A"
0.196650899248198,0.348144584418855,"A"
0.160176542121917,1.33185472428323,"F"
0.377826526528224,0.939036336265886,"D"
0.820274599827826,0.563994897995144,"B"
0.639306155964732,0.258622120134532,"B"
0.219069734914228,1.83076634994688,"F"
0.718703708378598,1.31127101365001,"G"
0.556434092810377,0.319526262115687,"C"
0.788927942281589,0.225194662343711,"A"
0.943426858168095,1.04109449773551,"E"
0.81925315153785,0.859707143473801,"A"
0.173505811952055,2.35249614516709,"E"
0.240061785792932,1.11995438266584,"G"
0.366949827410281,0.112997819980598,"A"
0.117415028624237,0.0348747693933547,"A"
0.449619533494115,0.252809348050505,"D"
0.628816661192104,1.33791537764938,"B"
0.525790432700887,1.01501610179439,"C"
0.0291543200146407,1.75597612943166,"B"
0.567939704982564,0.092909965198487,"B"
0.47047614492476,0.424437519628555,"B"
0.465223285136744,1.01535910829426,"B"
0.183139916742221,0.166107074365747,"A"
0.370865213451907,0.0879628136782594,"A"
0.285964447306469,2.02398400186541,"B"
0.967612096806988,0.210941284429282,"D"
0.21516614430584,2.88164754465178,"E"
0.318036937620491,5.43562553979852,"G"
0.453970858128741,0.423616785952925,"A"
0.0999603499658406,0.334161187987775,"B"
0.145651568891481,1.21562298569353,"E"
0.85058492841199,0.888385861138714,"A"
0.057908043731004,0.359205418266356,"A"
0.669909681892022,0.53924490744248,"B"
0.987938094418496,0.473356371279806,"A"
0.70459546498023,2.44298588394103,"G"
0.313475232804194,0.284502000547945,"B"
0.572887041606009,0.0225951834016905,"A"
0.861996327759698,0.113150290604675,"B"
0.985356236575171,0.587474981322885,"F"
0.159341146005318,1.66501264730205,"G"
0.351389745483175,4.86700015265368,"F"
0.576598656130955,1.67925039856675,"F"
0.558037551585585,0.272407772019506,"D"
0.6143908360973,0.199397001415491,"B"
0.678959483047947,0.497098656371236,"A"
0.499056309694424,1.53041937193813,"E"
0.00861748587340117,0.157031420152634,"A"
0.242499309126288,2.08329988599727,"B"
0.526183573063463,0.370570404449718,"C"
0.972112393006682,0.202325695659965,"A"
0.378337657079101,0.457940352000022,"B"
0.217713829595596,3.58160166980183,"E"
0.255233180476353,0.424894636496902,"E"
0.0812227085698396,1.73827723964098,"D"
0.280881380662322,1.02496674187006,"D"
0.244290722999722,1.19406233444334,"B"
0.0807760125026107,2.64267458195303,"G"
0.249635318759829,1.45333236842762,"F"
0.0843900830950588,0.0609747739078021,"A"
0.372113536577672,1.15156697757067,"D"
0.269726088969037,0.229978936724365,"B"
0.769266107818112,1.28245534184845,"F"
0.0548145165666938,2.25134105036471,"G"
0.113989724777639,1.27977610918003,"E"
0.00198009447194636,1.65554217804627,"F"
0.0393325202167034,2.03804752222242,"F"
0.202670007012784,0.608063415624201,"D"
0.918218901148066,1.27931360523672,"D"
0.812962147872895,0.78869522420957,"B"
0.910181022249162,2.09052558819779,"A"
0.225140403024852,0.628996237646788,"B"
0.267787982709706,1.4480925924019,"B"
0.401918318588287,0.530933935660869,"C"
0.44874335010536,2.08245282793853,"B"
0.856735048815608,0.323375591542572,"A"
0.731779551832005,2.03867292582038,"A"
0.988609272055328,1.58013278237524,"D"
0.585581360384822,0.602330727037042,"D"
0.339241034816951,0.167532392872663,"C"
0.594955698587,1.11749085201448,"C"
0.118382520973682,0.252005390357226,"G"
0.814935750793666,0.0494566857814789,"B"
0.862405271967873,1.15756121646137,"F"
0.285121764754876,0.425792509224266,"B"
0.929470442933962,1.67875273889842,"G"
0.633511976338923,0.00537026952952147,"A"
0.0888270784635097,0.719650190165615,"F"
0.268424083478749,0.571140193380415,"D"
0.739660007180646,0.147740545216948,"B"
0.188903164351359,0.8339114668219,"E"
0.440532367909327,0.722523983525944,"E"
0.678726734826341,0.650840260554105,"B"
0.193760130787268,0.269618645776063,"A"
0.625774842454121,0.412323384080082,"A"
0.777739976998419,1.63441427974942,"F"
0.730928449658677,0.421912516467273,"A"
0.661960298661143,0.184193179011345,"A"
0.184352228185162,0.25114629943713,"A"
0.226724285865203,1.32960053994776,"F"
0.0636564958840609,0.196433596046379,"A"
0.959738147910684,1.61435058340685,"D"
0.736347792902961,0.00693990336731076,"A"
0.116477177711204,1.70761242127957,"D"
0.751713125267997,0.0682719582691789,"A"
0.529180647339672,0.596261179540306,"C"
0.186979806283489,0.477833372540772,"A"
0.068169902311638,1.17103819451751,"F"
0.303242198657244,0.893933924804342,"C"
0.351937513099983,0.789324019681376,"A"
0.613253016024828,0.0800726152956486,"A"
0.0335057117044926,0.241483101155609,"A"
0.331733043072745,0.577546927612275,"C"
0.903975274413824,1.00399274840475,"E"
0.224435648648068,2.83551489752005,"F"
0.619438582099974,2.80766371620779,"F"
0.00102920178323984,2.43816397140238,"D"
0.770922896685079,0.111514037816028,"E"
0.853484395192936,1.20339179314197,"A"
0.848762468667701,0.94040895994277,"A"
0.175708820810542,1.32052549436213,"F"
0.499296779511496,0.231043902225792,"B"
0.0499644188676029,0.638100721407682,"A"
0.199053860036656,0.2222148203291,"B"
0.291956710861996,0.423332495149225,"D"
0.120807355968282,2.41157672355387,"E"
0.148501078831032,0.851842030966398,"C"
0.348177591105923,1.26031218930603,"F"
0.370334572624415,1.88491295828464,"G"
0.749188168207183,0.0515598352067173,"A"
0.604314709547907,0.146453438792378,"B"
0.673356718150899,1.20308011766048,"G"
0.321843175217509,0.148728826526916,"A"
0.620634253136814,0.422455398831517,"D"
0.274055504007265,3.99483217836773,"G"
0.358811748446897,0.386313390452415,"C"
0.602473640115932,1.56885319567266,"A"
0.254661170532927,0.0524381344916514,"A"
0.314333004644141,0.159104004988383,"A"
0.297003842191771,0.12835413354446,"A"
0.352451138198376,0.384283378254622,"A"
0.662178168306127,2.25146024102781,"E"
0.128412089776248,0.579697623383254,"B"
0.290968938497826,2.40739662746403,"G"
0.0926638571545482,0.193917263154883,"B"
0.9669628306292,0.252104037906975,"A"
0.486863678088412,0.828694629440916,"D"
0.930986537132412,2.02480853899362,"F"
0.498336034594104,0.966451208065164,"C"
0.457096599508077,1.82961231647971,"F"
0.900205284589902,0.230675674974918,"B"
0.562193198595196,0.983037358028505,"F"
0.836730211274698,0.310197097408864,"C"
0.559014486148953,0.00485173410916563,"A"
0.529775285162032,2.956551477145,"G"
0.463257262483239,0.433348310180008,"E"
0.711060523521155,2.8591745035895,"E"
0.428941496182233,0.257785439565883,"C"
0.0317804024089128,1.18890879206915,"B"
0.989203873323277,1.34673015582831,"E"
0.201102360384539,2.24402055265523,"F"
0.660349408397451,1.45467483988943,"G"
0.44455906492658,1.13757597591754,"D"
0.492422077106312,0.748309769625676,"C"
0.469928828300908,1.01685927971614,"G"
0.135253875982016,0.676143816672266,"C"
0.519704010337591,0.0185733987018466,"A"
0.37258418649435,0.639333012048155,"F"
0.938627683324739,0.0211356799118221,"A"
0.566782675683498,1.18387746247919,"E"
0.820519192377105,1.7557434233928,"G"
0.805217995075509,2.2457143695365,"D"
0.462933397851884,0.0573343657888472,"B"
0.784492973005399,0.136243565473706,"A"
0.375596970086917,0.648171821143478,"D"
0.801703070756048,0.715491023329685,"C"
0.491698790341616,0.347483238205314,"B"
0.75004260498099,0.018264176566848,"A"
0.032997467322275,1.02774409666182,"A"
0.838251773500815,1.06315153960513,"F"
0.578703438630328,2.08944644697418,"G"
0.948701152112335,1.33047785885156,"G"
0.455575863132253,0.13625100082653,"A"
0.96042896178551,0.162234917512928,"A"
0.221411830512807,0.188555093016475,"A"
0.690736907999963,2.10168359932811,"E"
0.590584238991141,0.824973139869881,"A"
0.0306687455158681,0.721938373740978,"A"
0.745680549181998,0.736469463403237,"E"
0.513843195512891,0.36244709386191,"A"
0.13987372093834,2.03375608838143,"F"
0.125317023601383,0.186793886125088,"B"
0.0685676941648126,0.611979661751937,"A"
0.668234396958724,0.820804664823127,"G"
0.709615397267044,1.37617576956273,"F"
0.283446086570621,2.46827495644305,"F"
0.682784299831837,0.766404474112106,"G"
0.441023040562868,1.38910909733715,"B"
0.860645071137697,1.07949633085795,"C"
0.823482294334099,3.88224619941462,"G"
0.984611458145082,0.02314940886572,"A"
0.82860685698688,0.981786396312428,"D"
0.783562406897545,0.325111095944903,"A"
0.701901790685952,1.32541063423724,"G"
0.0562183998990804,2.25501304666016,"E"
0.680922898463905,0.394165528942533,"B"
0.492001254344359,1.60867565256172,"G"
0.984305790858343,1.30117938570203,"D"
0.726817085407674,0.189846554305404,"B"
0.160348108038306,0.901585711124253,"C"
0.195571365533397,0.0996739892289042,"A"
0.160168964182958,0.572602286934853,"B"
0.527321430621669,1.26493134531648,"A"
0.439465368166566,0.818463735240412,"E"
0.203357428312302,0.447360284626484,"A"
0.141096839215606,2.26315730238769,"D"
0.714615252334625,0.116821747738868,"A"
0.728246460668743,0.937012218828213,"B"
0.869593157432973,0.152348736766726,"A"
0.93203021842055,2.42419627109978,"G"
0.544933475553989,3.74043556095517,"G"
0.146065038628876,0.458444010931998,"B"
0.874573306180537,1.93285057499054,"B"
0.781831343891099,4.38039423872657,"F"
0.282040778314695,0.58608645806089,"E"
0.294193824753165,0.122366091451158,"A"
0.061562062241137,0.382568356115371,"B"
0.374489380978048,0.632309148553759,"B"
0.323202145751566,2.36751287015171,"F"
0.856587002752349,0.979027422103,"A"
0.713118731044233,1.15266823019357,"E"
0.340534467017278,1.3202375157167,"B"
0.417873028898612,0.641179085243493,"E"
0.655760840279981,1.39085496215887,"A"
0.420098057715222,3.46298801882153,"G"
0.909198140492663,0.103104142472148,"A"
0.227972655324265,3.36015117896681,"G"
0.359457014827058,1.16247873935373,"E"
0.287704925052822,0.108888750879821,"B"
0.508075503399596,1.19759195681405,"F"
0.915479057934135,0.523018211126328,"A"
0.499738892773166,0.358997341245413,"A"
0.935909192543477,0.521400519646704,"B"
0.921200818615034,0.718478199112517,"D"
0.314521851250902,0.442262677301956,"B"
0.739086591638625,3.06259365363007,"G"
0.161847642855719,1.60536039827919,"B"
0.0869228860829026,0.204086685087532,"B"
0.731123382691294,0.792002462739957,"B"
0.384048616746441,1.05418182905288,"C"
0.192684551002458,0.918815357568574,"B"
0.228941867826506,1.21863151550206,"G"
0.827611997490749,0.196065852418542,"F"
0.932228089543059,0.021931215647309,"A"
0.522184257395566,0.986183076123607,"E"
0.548161023296416,0.36741282697767,"A"
0.365375308785588,0.298404223503667,"A"
0.462877564132214,0.643067123368382,"D"
0.863801916595548,1.30710991654069,"F"
0.838896191446111,0.520308659945066,"E"
0.246985177509487,0.295379263246015,"C"
0.0935011422261596,0.337153246626258,"A"
0.40065264236182,1.8882785271013,"F"
0.0336550159845501,1.06406352478535,"B"
0.202179876854643,3.50174703241742,"G"
0.417747274739668,0.786323216701758,"E"
0.676863638451323,1.27043890998315,"A"
0.2509260319639,0.132064974211793,"D"
0.983084008796141,0.590882809367031,"D"
0.274790188763291,3.93233681262887,"E"
0.488912157481536,2.03841276830974,"E"
0.716956954682246,0.388878746528652,"B"
0.112150528235361,0.0413550711236894,"B"
0.712353768991306,1.16359141557933,"C"
0.758845241041854,0.916970148640585,"C"
0.488992608617991,2.54060135582898,"A"
0.778434545500204,0.899017190518689,"D"
0.252226958051324,1.60804674393477,"D"
0.390485286014155,1.01492769173802,"F"
0.189004342071712,0.676494712941349,"G"
0.101453997427598,0.75329469698937,"A"
0.940119346836582,0.105760344304144,"A"
0.541941441828385,0.554094094783068,"C"
0.468735522823408,0.263517064973712,"A"
0.142462177434936,0.369777152314782,"E"
0.0414122801739722,0.735333437518953,"B"
0.722144597675651,0.532125466250155,"B"
0.42043349891901,0.695114879972108,"B"
0.389362050918862,1.56524441196563,"F"
0.515999530209228,0.270638850517571,"A"
0.824884542264044,0.0143364158145969,"A"
0.387894193641841,3.51969358862794,"G"
0.631047145230696,0.314078977601025,"C"
0.321993271820247,0.141692219302058,"A"
0.699093112256378,0.324896468780935,"G"
0.618722392246127,0.205060598440468,"A"
0.563537183916196,1.56962651438358,"G"
0.472647888818756,3.80534843148148,"G"
0.922467687632889,1.15476403966727,"E"
0.431589597603306,0.185654802896915,"B"
0.00295374309644103,1.07191538806529,"C"
0.131546213757247,0.783043032476951,"A"
0.962327253306285,0.529799535870552,"A"
0.727170627098531,0.122828337638149,"A"
0.833527005510405,0.471071841195226,"A"
0.345686506479979,0.26879564858973,"B"
0.73769120266661,0.461827420749003,"G"
0.32324683573097,1.48590999059193,"A"
0.947872087592259,1.18711892231823,"D"
0.584080196917057,0.404936022125185,"B"
0.204947829479352,0.0448147656420207,"A"
0.782962863333523,0.157393162216991,"B"
0.547691092826426,0.0197066854161208,"A"
0.174616815056652,1.94695175803247,"D"
0.799598743207753,0.0692745079286397,"A"
0.849403865169734,2.3220706036756,"G"
0.478222030680627,0.346812398172915,"C"
0.618914876366034,3.27375513298397,"E"
0.0435245109256357,0.127372998268594,"A"
0.152511961990967,0.110364008694887,"B"
0.0217997985891998,0.767159066120994,"E"
0.468595202313736,0.889187271664751,"B"
0.677071205805987,0.509418262632959,"A"
0.390636046882719,0.0216490547172725,"A"
0.823859397321939,0.807164854554228,"B"
0.5435938348528,0.946276379540624,"D"
0.784398258663714,0.333661823059403,"A"
0.261698367306963,0.687386431265622,"B"
0.23048382322304,0.89662947865503,"C"
0.343775780405849,0.337029606517115,"A"
0.562810970470309,0.0430775722643492,"A"
0.553219539346173,0.974737286525679,"E"
0.685455980710685,0.31953255739063,"D"
0.825574749615043,0.265525981783867,"A"
0.828736006747931,1.51976427427473,"F"
0.906053554266691,1.11970467954398,"E"
0.483325503300875,0.0452318079769611,"A"
0.467215086333454,0.528870941139758,"C"
0.467654053587466,0.748250653925252,"D"
0.695742190349847,2.45450071419094,"G"
0.357196834869683,0.139562299009413,"A"
0.635744430590421,0.509756890125573,"F"
0.703875722130761,0.514441508799791,"D"
0.163158445153385,0.660649408586323,"E"
0.381033109268174,0.0019903252317731,"A"
0.429400994209573,3.67536991169592,"E"
0.523204108700156,0.369324520230293,"B"
0.478845917386934,0.610780786257237,"D"
0.481049983529374,0.937373362328924,"G"
0.941151786129922,0.0832416807892931,"B"
0.154345385264605,0.309803183656186,"C"
0.758456990122795,1.13201615841015,"A"
0.706780317472294,0.686927354428917,"A"
0.488818710902706,0.744131310800922,"G"
0.761342986952513,0.421173857524991,"A"
0.682374702766538,1.60577693626624,"E"
0.771029436029494,0.547611359506845,"A"
0.786380213685334,1.31436722442032,"G"
0.629726982209831,0.275781003758311,"A"
0.762317083077505,0.0975647210143507,"B"
0.758527456549928,1.30015516928853,"D"
0.740367445163429,3.73085797370827,"G"
0.43459396623075,0.502907174173743,"C"
0.556254777126014,0.106435556350081,"C"
0.0526737908367068,1.08312543477387,"G"
0.80355700198561,0.465247804764658,"B"
0.58657189249061,0.79078921777492,"G"
0.952524337684736,0.0343803758220057,"B"
0.858941418118775,1.03093843809785,"C"
0.566269097384065,0.784235138023605,"D"
0.680892802542076,1.33351051430674,"G"
0.797971450025216,1.23365645944597,"E"
0.798592153470963,3.24952446652536,"G"
0.53554427344352,1.17864118419112,"G"
0.441279390593991,0.38062243303284,"C"
0.907317865174264,1.55669262615851,"F"
0.933737551094964,0.15369316668242,"A"
0.803100125165656,2.16176843342264,"C"
0.440431299153715,0.0140911098569632,"B"
0.131902777822688,0.342692269012332,"A"
0.785068066092208,1.16190213147075,"F"
0.93588879914023,2.14635943795059,"G"
0.93532387027517,0.61012511420995,"A"
0.835026949876919,0.241341621149331,"A"
0.496530803851783,0.400497057940811,"D"
0.655504697468132,0.2457743473351,"C"
0.933999495813623,1.2630790530062,"G"
0.130201650317758,1.6184074490092,"D"
0.61521935579367,0.124582975379591,"B"
0.200444751186296,0.370306622236967,"G"
0.380645627621561,1.12406948577137,"A"
0.858596586156636,0.745395485269737,"D"
0.480247039347887,0.705842880297329,"A"
0.578557640779763,1.9194472747946,"E"
0.49397735693492,0.0522612705826759,"B"
0.469063352327794,0.91478379811616,"D"
0.999620710965246,2.27708966831181,"G"
0.231882675085217,0.603777351957095,"B"
0.851606199517846,0.988128956365299,"B"
0.172814587829635,0.326563888788149,"A"
0.865440550958738,0.453918323386461,"B"
0.0765119187999517,0.899373774374736,"B"
0.17915475112386,0.29939855216071,"A"
0.743335750885308,0.288963308092207,"B"
0.614650981500745,0.678784965071827,"C"
0.720974754076451,0.0191810387186706,"A"
0.453641853760928,0.471873984586801,"A"
0.777664403198287,0.14101770799607,"A"
0.244170557241887,0.3738136109896,"B"
0.91331061325036,1.32143350779535,"D"
0.989645312307402,6.98198363438812,"F"
0.373095797142014,0.422070124186575,"A"
0.440978139638901,3.20127744955902,"G"
0.847956837620586,2.05928148134592,"G"
0.488931124797091,0.480778775643557,"B"
0.628298663767055,0.0285799835749492,"A"
0.947996872011572,1.06168186846645,"D"
0.915604516630992,0.0621334784664214,"A"
0.830706810578704,2.55384913633082,"G"
0.245919180102646,0.250570462427013,"B"
0.865642534336075,0.415744601283222,"C"
0.302909573772922,0.808547475333226,"D"
0.828835974447429,0.331431169994175,"A"
0.690799068193883,3.39987315220718,"G"
0.441284517990425,1.36094693369688,"G"
0.944789877161384,0.0184517378122322,"B"
0.477384100435302,0.0870882694346963,"A"
0.899188729235902,0.0932553506293257,"A"
0.767042827792466,0.0911485247865747,"A"
0.0759815657511353,0.281575490633978,"D"
0.975995753891766,0.536291771102697,"B"
0.917257085442543,1.18141692593218,"A"
0.330246870173141,0.235576150007546,"D"
0.677016735542566,0.637380014173687,"B"
0.811533264350146,1.37250945247234,"G"
0.902334735961631,0.230209052150016,"B"
0.628218481317163,1.03869256279887,"A"
0.148919249651954,0.671251434832811,"E"
0.29756802204065,1.11785674742879,"A"
0.353269533719867,1.27691617603869,"F"
0.837475539185107,0.95551861725272,"E"
0.668041992932558,0.489682901650667,"D"
0.930212008999661,0.904102658810926,"D"
0.894571543671191,0.124972614048284,"A"
0.802693807287142,1.22746344432098,"B"
0.939546975074336,0.911748040118688,"G"
0.420628983760253,1.40036019539088,"A"
0.68018658272922,0.986720828297448,"D"
0.32778622279875,0.100174513215696,"A"
0.306701297871768,0.624979048036039,"A"
0.810589521890506,0.259864388414473,"A"
0.405499799642712,1.65421821541133,"F"
0.991130768787116,2.23218958409151,"D"
0.129124571569264,0.850089607439562,"E"
0.535561626777053,1.34966200399668,"G"
0.336446904810145,0.531836702002265,"A"
0.397069793660194,0.526894936338067,"B"
0.278874807292596,0.139691870634518,"A"
0.215295180911198,0.70999685260516,"C"
0.973261398496106,1.78394203044215,"B"
0.371950211469084,0.0800577430054545,"A"
0.770163106266409,0.641310175415128,"A"
0.464142825687304,0.553304503671825,"A"
0.3368340942543,0.128259850200266,"A"
0.301771855214611,0.311861954629421,"A"
0.866939866216853,1.70037312238457,"F"
0.362686761422083,1.14627904626997,"C"
0.831995238084346,0.962201156554026,"D"
0.127662684069946,0.402602253947407,"A"
0.33576389378868,0.129338533151895,"A"
0.971842699684203,2.70619769568059,"G"
0.855183503124863,0.376915291883051,"C"
0.00290808500722051,0.747616760390711,"C"
0.371847920585424,0.361344904638827,"A"
0.769414963200688,0.773478245586884,"F"
